Prix,Surface,Arrondissement,Pieces,DPE,Prix m2,Estimation,Decote
800.0,34.0,10,2,4,23.529411764705884,1413.94,-43.42051289305063
646.0,15.0,20,1,4,43.06666666666667,851.88,-24.167723153495796
1267.0,68.0,1,1,3,18.63235294117647,1656.27,-23.502810532099232
1200.0,41.0,8,2,3,29.26829268292683,1525.03,-21.313023350360318
420.0,11.0,9,1,1,38.18181818181818,503.6,-16.600476568705325
1290.0,53.0,20,3,6,24.339622641509433,1522.96,-15.29652781425645
